t, elevL, elevR, throttle
0,0.073059,0.073059,0.46431
